ID,LABEL
959494-45-instructions-0,easy
101835-22-instructions-0,easy
134620-93-instructions-0,medium
1166607-13-instructions-0,easy
941645-73-instructions-0,medium
171071-57-instructions-0,easy
441138-76-instructions-0,easy
1432114-92-instructions-0,easy
123491-36-instructions-0,hard
123578-70-instructions-0,easy
122923-57-instructions-0,easy
130064-19-instructions-0,hard
171085-98-instructions-0,medium
134117-77-instructions-0,easy
133925-33-instructions-0,medium
1235367-76-instructions-0,medium
192967-19-instructions-0,hard
104393-95-instructions-0,easy
129371-36-instructions-0,easy
1112073-22-instructions-0,easy
133895-78-instructions-0,easy
1019769-79-instructions-0,easy
1386496-17-instructions-0,easy
132357-29-instructions-0,easy
103143-22-instructions-0,medium
102656-35-instructions-0,medium
203561-14-instructions-0,easy
106388-23-instructions-0,medium
1401211-95-instructions-0,medium
128191-50-instructions-0,easy
121381-35-instructions-0,hard
133924-79-instructions-0,hard
165491-46-instructions-0,medium
132582-41-instructions-0,medium
129659-65-instructions-0,medium
132510-99-instructions-0,easy
114601-11-instructions-0,easy
120372-10-instructions-0,medium
104041-70-instructions-0,medium
122883-51-instructions-0,medium
129791-25-instructions-0,medium
171468-60-instructions-0,hard
105909-80-instructions-0,medium
105016-49-instructions-0,medium
1246407-49-instructions-0,easy
129730-97-instructions-0,easy
207519-33-instructions-0,hard
103805-35-instructions-0,medium
103249-99-instructions-0,hard
106391-34-instructions-0,medium
128398-27-instructions-0,medium
171066-24-instructions-0,medium
454109-91-instructions-0,easy
103654-88-instructions-0,hard
129921-40-instructions-0,hard
644294-58-instructions-0,hard
114647-53-instructions-0,easy
1467178-11-instructions-0,hard
128188-15-instructions-0,medium
129789-53-instructions-0,medium
950433-71-instructions-0,hard
122733-33-instructions-0,easy
203647-99-instructions-0,hard
106310-24-instructions-0,medium
105903-63-instructions-0,hard
1412406-97-instructions-0,medium
132528-83-instructions-0,easy
1160855-94-instructions-0,hard
149729-35-instructions-0,hard
132584-37-instructions-0,hard
1124244-53-instructions-0,hard
120375-55-instructions-0,medium
106379-64-instructions-0,medium
122908-13-instructions-0,hard
1467190-16-instructions-0,hard
128146-25-instructions-0,easy
134121-73-instructions-0,medium
660860-88-instructions-0,easy
128527-95-instructions-0,hard
950347-42-instructions-0,easy
129763-54-instructions-0,easy
122691-85-instructions-0,easy
1319082-51-instructions-0,hard
132531-34-instructions-0,easy
1099139-21-instructions-0,hard
133502-87-instructions-0,medium
102650-39-instructions-0,hard
328424-75-instructions-0,hard
236819-21-instructions-0,easy
146260-27-instructions-0,easy
122876-94-instructions-0,medium
264386-38-instructions-0,hard
129375-39-instructions-0,medium
114834-89-instructions-0,medium
1171461-66-instructions-0,easy
129780-82-instructions-0,hard
153460-14-instructions-0,medium
1282105-78-instructions-0,easy
122881-64-instructions-0,easy
146383-87-instructions-0,hard
105959-23-instructions-0,medium
566128-21-instructions-0,easy
1212074-49-instructions-0,hard
129630-40-instructions-0,easy
122918-30-instructions-0,easy
141058-89-instructions-0,hard
123039-60-instructions-0,easy
123145-99-instructions-0,medium
1138360-42-instructions-0,medium
167388-34-instructions-0,easy
128198-64-instructions-0,medium
1315791-79-instructions-0,easy
123038-19-instructions-0,medium
130063-11-instructions-0,hard
1112798-21-instructions-0,hard
171952-47-instructions-0,medium
105624-65-instructions-0,easy
958501-70-instructions-0,easy
188760-60-instructions-0,medium
122695-46-instructions-0,hard
122898-12-instructions-0,medium
102647-44-instructions-0,medium
128905-80-instructions-0,medium
129631-14-instructions-0,medium
987543-79-instructions-0,medium
134091-77-instructions-0,easy
122888-10-instructions-0,medium
135688-21-instructions-0,medium
130067-89-instructions-0,easy
959494-45-instructions-0,easy
129370-61-instructions-0,medium
105961-92-instructions-0,medium
171074-20-instructions-0,easy
129640-15-instructions-0,medium
104795-24-instructions-0,easy
1269630-65-instructions-0,easy
133937-19-instructions-0,hard
132567-48-instructions-0,easy
133888-51-instructions-0,medium
104546-21-instructions-0,easy
134161-53-instructions-0,medium
1181905-74-instructions-0,medium
1415087-63-instructions-0,easy
136715-25-instructions-0,hard
393490-90-instructions-0,medium
1136088-15-instructions-0,medium
171094-74-instructions-0,easy
144456-66-instructions-0,easy
105803-67-instructions-0,medium
129858-26-instructions-0,hard
104771-38-instructions-0,medium
132354-86-instructions-0,easy
128402-41-instructions-0,easy
127998-96-instructions-0,medium
967501-17-instructions-0,easy
133549-61-instructions-0,easy
1011129-20-instructions-0,hard
133487-20-instructions-0,hard
131949-21-instructions-0,easy
466619-71-instructions-0,hard
185700-67-instructions-0,easy
967655-45-instructions-0,easy
192985-79-instructions-0,easy
120459-19-instructions-0,easy
128200-32-instructions-0,easy
133485-35-instructions-0,medium
102633-62-instructions-0,medium
129359-39-instructions-0,easy
1413169-33-instructions-0,easy
104093-70-instructions-0,hard
129796-86-instructions-0,hard
122800-47-instructions-0,medium
122845-31-instructions-0,easy
1166609-36-instructions-0,hard
1029782-15-instructions-0,hard
122804-91-instructions-0,easy
103243-67-instructions-0,easy
157610-94-instructions-0,easy
132718-14-instructions-0,easy
133044-22-instructions-0,medium
644289-77-instructions-0,hard
1110738-82-instructions-0,medium
133486-17-instructions-0,medium
267338-18-instructions-0,hard
122897-69-instructions-0,medium
121550-65-instructions-0,medium
203644-80-instructions-0,medium
101835-22-instructions-0,easy
129822-74-instructions-0,medium
170285-42-instructions-0,easy
1530397-66-instructions-0,medium
129786-83-instructions-0,medium
133490-40-instructions-0,medium
1384954-21-instructions-0,easy
105921-41-instructions-0,medium
105904-24-instructions-0,medium
1421899-68-instructions-0,easy
114838-70-instructions-0,easy
114323-11-instructions-0,easy
114886-64-instructions-0,medium
122791-50-instructions-0,easy
204602-14-instructions-0,easy
131021-92-instructions-0,hard
122847-57-instructions-0,easy
157189-17-instructions-0,easy
950344-11-instructions-0,easy
103804-35-instructions-0,hard
129797-22-instructions-0,hard
1328417-59-instructions-0,easy
171951-40-instructions-0,easy
133521-61-instructions-0,easy
155115-82-instructions-0,easy
1112691-83-instructions-0,medium
133220-20-instructions-0,hard
115289-81-instructions-0,hard
132714-92-instructions-0,hard
103902-38-instructions-0,medium
129762-40-instructions-0,easy
122744-52-instructions-0,hard
132560-10-instructions-0,easy
105018-12-instructions-0,easy
1302613-67-instructions-0,easy
1361765-98-instructions-0,medium
326300-33-instructions-0,easy
122919-93-instructions-0,easy
256708-44-instructions-0,hard
122901-65-instructions-0,easy
122345-50-instructions-0,medium
132564-23-instructions-0,easy
986989-41-instructions-0,medium
188306-50-instructions-0,medium
1009852-16-instructions-0,medium
132521-19-instructions-0,hard
995234-72-instructions-0,hard
105863-72-instructions-0,medium
1487100-16-instructions-0,medium
103647-77-instructions-0,hard
132524-94-instructions-0,easy
128493-95-instructions-0,easy
144118-70-instructions-0,hard
1243716-95-instructions-0,easy
129735-23-instructions-0,medium
129802-72-instructions-0,medium
129926-30-instructions-0,hard
122906-29-instructions-0,easy
120464-67-instructions-0,easy
543823-17-instructions-0,easy
133525-22-instructions-0,easy
133991-48-instructions-0,medium
128453-10-instructions-0,easy
122848-27-instructions-0,hard
192993-82-instructions-0,hard
122904-42-instructions-0,easy
199702-20-instructions-0,easy
140729-91-instructions-0,medium
1070578-89-instructions-0,hard
106388-23-instructions-0,medium
133496-58-instructions-0,medium
192978-79-instructions-0,medium
105320-99-instructions-0,easy
128818-62-instructions-0,hard
133293-30-instructions-0,medium
114153-41-instructions-0,hard
167385-83-instructions-0,hard
1112057-85-instructions-0,easy
129354-98-instructions-0,medium
1112098-23-instructions-0,easy
128003-62-instructions-0,hard
133016-90-instructions-0,medium
171459-46-instructions-0,medium
128875-22-instructions-0,easy
1314748-51-instructions-0,easy
140731-39-instructions-0,easy
1092452-14-instructions-0,easy
133298-36-instructions-0,hard
146858-59-instructions-0,medium
171460-11-instructions-0,easy
132689-47-instructions-0,easy
1007114-18-instructions-0,easy
122785-34-instructions-0,hard
104984-28-instructions-0,medium
136393-26-instructions-0,medium
128475-26-instructions-0,easy
1123750-43-instructions-0,medium
134656-36-instructions-0,easy
171968-15-instructions-0,medium
112525-35-instructions-0,hard
104483-40-instructions-0,medium
203646-69-instructions-0,hard
415020-36-instructions-0,medium
133161-81-instructions-0,hard
133501-61-instructions-0,easy
1147696-12-instructions-0,easy
1372159-99-instructions-0,medium
129814-73-instructions-0,easy
133108-21-instructions-0,easy
133126-97-instructions-0,medium
129903-99-instructions-0,medium
136394-87-instructions-0,medium
1112099-43-instructions-0,easy
158463-33-instructions-0,easy
133899-32-instructions-0,hard
128008-54-instructions-0,hard
129357-73-instructions-0,easy
122734-26-instructions-0,easy
321449-47-instructions-0,medium
138769-17-instructions-0,medium
131604-90-instructions-0,easy
146857-28-instructions-0,easy
129392-67-instructions-0,medium
129738-91-instructions-0,easy
129781-54-instructions-0,medium
166342-55-instructions-0,easy
128831-31-instructions-0,easy
133927-95-instructions-0,medium
129653-73-instructions-0,easy
191514-55-instructions-0,medium
103876-58-instructions-0,easy
960512-74-instructions-0,easy
133918-69-instructions-0,medium
132737-12-instructions-0,easy
1022010-64-instructions-0,medium
133866-66-instructions-0,medium
132511-75-instructions-0,medium
308944-72-instructions-0,easy
105555-99-instructions-0,hard
134509-35-instructions-0,hard
146861-74-instructions-0,medium
122861-55-instructions-0,easy
146862-70-instructions-0,medium
123053-32-instructions-0,medium
133164-88-instructions-0,easy
128013-75-instructions-0,hard
130294-57-instructions-0,hard
114915-85-instructions-0,easy
258680-52-instructions-0,easy
122921-12-instructions-0,medium
128483-24-instructions-0,easy
143897-13-instructions-0,hard
1224471-67-instructions-0,medium
316913-90-instructions-0,medium
283954-41-instructions-0,easy
122850-62-instructions-0,easy
132537-22-instructions-0,easy
129755-83-instructions-0,medium
114839-65-instructions-0,easy
1220206-87-instructions-0,hard
133992-30-instructions-0,hard
103863-14-instructions-0,easy
122727-79-instructions-0,easy
966977-96-instructions-0,easy
1407494-71-instructions-0,easy
1133783-98-instructions-0,easy
1012824-85-instructions-0,easy
123107-62-instructions-0,easy
149303-47-instructions-0,hard
103533-41-instructions-0,easy
106359-75-instructions-0,medium
129642-80-instructions-0,easy
114329-49-instructions-0,medium
843214-60-instructions-0,medium
129778-67-instructions-0,hard
132516-20-instructions-0,easy
113991-90-instructions-0,medium
105387-32-instructions-0,easy
121600-15-instructions-0,easy
107203-34-instructions-0,medium
129741-43-instructions-0,hard
134322-88-instructions-0,easy
171118-93-instructions-0,easy
1328415-64-instructions-0,easy
1143454-98-instructions-0,medium
264972-32-instructions-0,easy
1374605-53-instructions-0,hard
134114-77-instructions-0,easy
997568-83-instructions-0,hard
134546-64-instructions-0,easy
129931-26-instructions-0,easy
122837-50-instructions-0,easy
121538-39-instructions-0,medium
129803-66-instructions-0,medium
114126-89-instructions-0,medium
105509-16-instructions-0,easy
146261-21-instructions-0,medium
144060-84-instructions-0,hard
103461-70-instructions-0,easy
1029688-44-instructions-0,easy
122795-75-instructions-0,easy
106088-49-instructions-0,easy
137160-58-instructions-0,easy
132365-77-instructions-0,easy
149718-25-instructions-0,easy
122760-92-instructions-0,easy
133628-29-instructions-0,easy
1364805-39-instructions-0,easy
962554-97-instructions-0,medium
155484-50-instructions-0,easy
128878-59-instructions-0,medium
187662-91-instructions-0,medium
1231793-46-instructions-0,easy
1112448-46-instructions-0,easy
134620-93-instructions-0,medium
102645-56-instructions-0,medium
186427-93-instructions-0,easy
122855-35-instructions-0,easy
106083-53-instructions-0,easy
1302919-40-instructions-0,easy
128204-23-instructions-0,medium
122722-29-instructions-0,easy
114412-10-instructions-0,medium
128348-43-instructions-0,hard
1112412-29-instructions-0,hard
115145-60-instructions-0,hard
122779-72-instructions-0,medium
132585-87-instructions-0,easy
964218-51-instructions-0,hard
120311-59-instructions-0,easy
204755-41-instructions-0,easy
1426058-48-instructions-0,hard
134536-31-instructions-0,easy
129523-39-instructions-0,hard
133977-68-instructions-0,medium
134532-61-instructions-0,easy
129934-89-instructions-0,easy
133048-39-instructions-0,easy
104854-48-instructions-0,medium
134557-86-instructions-0,easy
128477-78-instructions-0,medium
132568-61-instructions-0,hard
122852-60-instructions-0,easy
122882-23-instructions-0,medium
103618-82-instructions-0,hard
1284274-42-instructions-0,easy
110037-36-instructions-0,easy
105507-19-instructions-0,easy
114651-18-instructions-0,easy
133995-93-instructions-0,easy
102637-58-instructions-0,medium
121604-82-instructions-0,medium
129636-46-instructions-0,medium
105404-18-instructions-0,medium
171111-16-instructions-0,easy
133499-76-instructions-0,medium
133629-39-instructions-0,hard
543826-45-instructions-0,medium
104910-87-instructions-0,hard
157929-71-instructions-0,medium
584600-26-instructions-0,hard
1256070-43-instructions-0,medium
209567-96-instructions-0,medium
1248177-22-instructions-0,medium
132624-62-instructions-0,medium
129377-55-instructions-0,easy
972072-73-instructions-0,medium
1099952-87-instructions-0,medium
1288307-39-instructions-0,easy
135354-26-instructions-0,hard
129637-17-instructions-0,medium
106383-55-instructions-0,medium
114835-73-instructions-0,medium
151760-52-instructions-0,medium
1401211-95-instructions-0,medium
1410664-10-instructions-0,easy
128462-91-instructions-0,hard
146616-82-instructions-0,hard
129936-17-instructions-0,easy
133641-15-instructions-0,easy
106042-36-instructions-0,easy
1093631-72-instructions-0,easy
115237-20-instructions-0,easy
129790-13-instructions-0,easy
103419-82-instructions-0,medium
133495-54-instructions-0,medium
211431-39-instructions-0,easy
103464-78-instructions-0,easy
122797-68-instructions-0,easy
148005-58-instructions-0,easy
940451-13-instructions-0,hard
132518-49-instructions-0,easy
129928-99-instructions-0,medium
129827-60-instructions-0,medium
122737-91-instructions-0,easy
128158-37-instructions-0,easy
1136108-14-instructions-0,medium
128906-76-instructions-0,medium
120967-75-instructions-0,hard
1483202-82-instructions-0,easy
102636-39-instructions-0,medium
133215-93-instructions-0,hard
977619-63-instructions-0,easy
1265596-41-instructions-0,easy
122914-30-instructions-0,hard
129768-72-instructions-0,medium
122859-20-instructions-0,hard
1182656-80-instructions-0,easy
128522-52-instructions-0,easy
127920-23-instructions-0,easy
129667-33-instructions-0,hard
122690-73-instructions-0,medium
104512-10-instructions-0,easy
105352-71-instructions-0,medium
128018-92-instructions-0,easy
122835-32-instructions-0,easy
135669-31-instructions-0,easy
132722-56-instructions-0,hard
194883-67-instructions-0,medium
129775-54-instructions-0,easy
1282824-37-instructions-0,easy
134560-40-instructions-0,easy
1113596-23-instructions-0,easy
106196-49-instructions-0,medium
128454-70-instructions-0,hard
157741-75-instructions-0,easy
1031030-59-instructions-0,easy
128887-57-instructions-0,easy
142350-57-instructions-0,medium
171458-48-instructions-0,medium
264384-77-instructions-0,easy
175529-26-instructions-0,easy
128484-38-instructions-0,easy
122887-81-instructions-0,hard
133630-33-instructions-0,hard
1089478-47-instructions-0,easy
1181934-19-instructions-0,hard
129787-25-instructions-0,medium
132580-13-instructions-0,medium
178585-93-instructions-0,hard
122877-95-instructions-0,easy
133494-22-instructions-0,medium
129807-37-instructions-0,easy
185850-62-instructions-0,medium
122769-73-instructions-0,medium
123060-82-instructions-0,hard
134102-21-instructions-0,easy
122891-91-instructions-0,medium
134543-68-instructions-0,easy
211433-27-instructions-0,easy
133476-33-instructions-0,medium
129648-20-instructions-0,easy
134119-97-instructions-0,easy
1077158-40-instructions-0,hard
104118-51-instructions-0,easy
121607-40-instructions-0,medium
168720-26-instructions-0,easy
1077045-73-instructions-0,easy
132536-96-instructions-0,easy
132554-42-instructions-0,easy
121381-35-instructions-0,hard
1076227-33-instructions-0,easy
1015999-64-instructions-0,easy
171121-47-instructions-0,easy
211434-72-instructions-0,medium
133019-21-instructions-0,medium
1251742-96-instructions-0,hard
1426082-27-instructions-0,medium
122933-33-instructions-0,easy
132552-57-instructions-0,easy
105580-37-instructions-0,medium
1188950-79-instructions-0,easy
128851-27-instructions-0,easy
106349-85-instructions-0,medium
105351-14-instructions-0,easy
179152-34-instructions-0,medium
1166607-13-instructions-0,easy
114133-48-instructions-0,medium
128492-47-instructions-0,medium
129785-51-instructions-0,hard
1270666-36-instructions-0,medium
1386957-61-instructions-0,easy
208728-63-instructions-0,hard
134529-29-instructions-0,medium
102652-48-instructions-0,easy
133880-42-instructions-0,medium
134544-56-instructions-0,easy
123131-12-instructions-0,hard
185450-19-instructions-0,hard
131009-51-instructions-0,hard
313838-99-instructions-0,medium
120407-62-instructions-0,easy
123431-79-instructions-0,medium
132582-41-instructions-0,medium
133233-33-instructions-0,hard
132513-42-instructions-0,hard
160751-66-instructions-0,medium
941645-73-instructions-0,medium
1100543-51-instructions-0,medium
103700-92-instructions-0,easy
145042-37-instructions-0,medium
129372-39-instructions-0,easy
132369-99-instructions-0,medium
171127-40-instructions-0,easy
129373-14-instructions-0,medium
135687-94-instructions-0,easy
171069-30-instructions-0,hard
961793-64-instructions-0,hard
129758-71-instructions-0,medium
1426066-84-instructions-0,medium
129356-69-instructions-0,medium
123003-45-instructions-0,medium
129490-87-instructions-0,medium
132218-12-instructions-0,easy
941935-68-instructions-0,easy
128435-80-instructions-0,medium
133906-47-instructions-0,medium
133296-10-instructions-0,easy
128265-55-instructions-0,easy
122741-10-instructions-0,easy
964228-58-instructions-0,easy
103617-51-instructions-0,medium
103874-78-instructions-0,easy
316914-55-instructions-0,medium
128187-55-instructions-0,medium
122718-93-instructions-0,easy
134556-63-instructions-0,easy
171071-57-instructions-0,easy
104801-38-instructions-0,medium
114676-19-instructions-0,medium
129647-70-instructions-0,easy
105052-40-instructions-0,easy
123539-87-instructions-0,hard
130072-79-instructions-0,hard
308948-49-instructions-0,medium
129794-45-instructions-0,easy
786866-36-instructions-0,medium
114667-81-instructions-0,medium
103635-25-instructions-0,medium
104559-83-instructions-0,medium
185865-91-instructions-0,hard
131023-38-instructions-0,hard
1451177-86-instructions-0,easy
1305529-64-instructions-0,hard
129812-21-instructions-0,medium
133295-46-instructions-0,easy
208604-34-instructions-0,easy
122884-28-instructions-0,medium
1160349-99-instructions-0,medium
133225-51-instructions-0,hard
114930-18-instructions-0,medium
104180-47-instructions-0,easy
105063-12-instructions-0,medium
122910-39-instructions-0,medium
143676-22-instructions-0,easy
642807-51-instructions-0,hard
132527-29-instructions-0,easy
143896-58-instructions-0,medium
114934-61-instructions-0,medium
115195-98-instructions-0,easy
437935-52-instructions-0,medium
180943-78-instructions-0,easy
166457-58-instructions-0,medium
441138-76-instructions-0,easy
114665-93-instructions-0,easy
1016494-53-instructions-0,medium
128758-63-instructions-0,easy
129923-34-instructions-0,easy
151788-51-instructions-0,hard
128519-67-instructions-0,hard
129935-38-instructions-0,medium
134238-12-instructions-0,hard
134694-79-instructions-0,medium
1113165-50-instructions-0,hard
1028163-86-instructions-0,easy
102635-46-instructions-0,medium
258683-93-instructions-0,easy
129759-95-instructions-0,easy
140994-68-instructions-0,hard
122894-81-instructions-0,medium
1113397-43-instructions-0,easy
128479-41-instructions-0,easy
128275-44-instructions-0,medium
1432114-92-instructions-0,easy
114931-55-instructions-0,medium
192992-94-instructions-0,hard
1194967-81-instructions-0,easy
133919-65-instructions-0,medium
128886-17-instructions-0,easy
122905-35-instructions-0,medium
130569-71-instructions-0,medium
129355-13-instructions-0,medium
188758-66-instructions-0,medium
123491-36-instructions-0,hard
122585-31-instructions-0,hard
132576-68-instructions-0,easy
1245652-61-instructions-0,medium
129677-39-instructions-0,easy
582785-21-instructions-0,hard
128490-16-instructions-0,easy
990192-40-instructions-0,medium
1240308-34-instructions-0,hard
128130-84-instructions-0,easy
122768-21-instructions-0,easy
537064-23-instructions-0,medium
134623-18-instructions-0,hard
114655-90-instructions-0,medium
636744-10-instructions-0,medium
262861-82-instructions-0,hard
171122-79-instructions-0,easy
104402-11-instructions-0,easy
129745-64-instructions-0,easy
158461-44-instructions-0,easy
122794-63-instructions-0,easy
1123727-38-instructions-0,hard
543828-40-instructions-0,easy
167386-49-instructions-0,hard
1098529-92-instructions-0,easy
171105-26-instructions-0,easy
106382-17-instructions-0,medium
105562-71-instructions-0,medium
209361-81-instructions-0,hard
1192213-90-instructions-0,easy
963212-84-instructions-0,easy
122803-82-instructions-0,hard
122601-80-instructions-0,medium
142248-30-instructions-0,medium
122284-53-instructions-0,easy
1166605-43-instructions-0,hard
956849-21-instructions-0,easy
133479-94-instructions-0,medium
122781-77-instructions-0,medium
1012327-57-instructions-0,medium
121828-98-instructions-0,medium
122742-27-instructions-0,easy
1482296-71-instructions-0,medium
121602-62-instructions-0,medium
128486-92-instructions-0,medium
1398541-20-instructions-0,easy
133942-89-instructions-0,medium
105336-53-instructions-0,hard
105816-32-instructions-0,easy
257490-18-instructions-0,easy
133040-19-instructions-0,hard
114844-63-instructions-0,easy
958876-45-instructions-0,hard
128904-55-instructions-0,medium
129831-38-instructions-0,hard
105556-77-instructions-0,easy
128428-29-instructions-0,medium
128521-73-instructions-0,easy
123046-46-instructions-0,medium
121537-66-instructions-0,medium
233478-22-instructions-0,medium
1407874-22-instructions-0,medium
122793-12-instructions-0,medium
640655-98-instructions-0,hard
129782-51-instructions-0,hard
129665-15-instructions-0,medium
127922-34-instructions-0,easy
128518-25-instructions-0,medium
188767-57-instructions-0,hard
129352-25-instructions-0,medium
1328421-24-instructions-0,medium
122776-40-instructions-0,easy
192996-66-instructions-0,easy
128491-12-instructions-0,medium
104777-36-instructions-0,hard
104507-62-instructions-0,medium
105494-47-instructions-0,medium
128270-23-instructions-0,easy
133957-43-instructions-0,medium
122719-93-instructions-0,easy
123578-70-instructions-0,easy
114113-82-instructions-0,medium
308949-90-instructions-0,easy
121823-96-instructions-0,easy
266296-29-instructions-0,medium
959297-80-instructions-0,medium
183727-28-instructions-0,easy
1406571-62-instructions-0,hard
1100073-69-instructions-0,easy
1099932-25-instructions-0,easy
130069-56-instructions-0,easy
1110870-76-instructions-0,medium
131000-61-instructions-0,easy
133975-38-instructions-0,medium
104981-32-instructions-0,easy
968423-82-instructions-0,easy
944299-70-instructions-0,easy
122839-13-instructions-0,medium
133478-57-instructions-0,medium
129634-44-instructions-0,easy
1501223-33-instructions-0,medium
122915-15-instructions-0,medium
122416-76-instructions-0,easy
102634-35-instructions-0,medium
1239700-75-instructions-0,medium
178640-93-instructions-0,easy
956668-63-instructions-0,medium
128007-78-instructions-0,medium
123035-43-instructions-0,medium
133993-17-instructions-0,medium
1500137-86-instructions-0,hard
1482297-16-instructions-0,medium
133943-16-instructions-0,easy
104041-70-instructions-0,medium
1264733-48-instructions-0,easy
171070-62-instructions-0,easy
133488-72-instructions-0,medium
138105-10-instructions-0,easy
104231-95-instructions-0,easy
1102954-76-instructions-0,easy
1501282-56-instructions-0,medium
120377-92-instructions-0,medium
171953-17-instructions-0,hard
1321364-63-instructions-0,easy
986754-54-instructions-0,medium
105342-33-instructions-0,hard
132535-25-instructions-0,easy
130037-60-instructions-0,hard
129384-47-instructions-0,easy
131637-21-instructions-0,hard
147001-59-instructions-0,medium
129633-73-instructions-0,medium
128838-25-instructions-0,easy
122871-17-instructions-0,easy
122763-60-instructions-0,hard
129654-38-instructions-0,easy
114833-24-instructions-0,medium
1162057-66-instructions-0,easy
1212258-50-instructions-0,hard
133953-61-instructions-0,easy
166729-20-instructions-0,medium
129655-66-instructions-0,medium
122728-51-instructions-0,easy
122743-24-instructions-0,easy
1128204-79-instructions-0,easy
105502-55-instructions-0,medium
129826-83-instructions-0,hard
115205-18-instructions-0,medium
141208-93-instructions-0,medium
141056-23-instructions-0,hard
102646-81-instructions-0,medium
1019771-26-instructions-0,hard
1080203-33-instructions-0,medium
132563-98-instructions-0,easy
105919-52-instructions-0,hard
1166601-32-instructions-0,hard
129791-25-instructions-0,medium
133625-73-instructions-0,easy
132343-74-instructions-0,hard
128071-72-instructions-0,easy
128815-43-instructions-0,medium
105784-11-instructions-0,easy
141252-35-instructions-0,hard
132543-49-instructions-0,medium
1220424-30-instructions-0,medium
128258-50-instructions-0,medium
114573-53-instructions-0,hard
129628-67-instructions-0,easy
129661-84-instructions-0,medium
142683-30-instructions-0,easy
132586-86-instructions-0,easy
122932-21-instructions-0,easy
106736-75-instructions-0,hard
105609-67-instructions-0,hard
128853-55-instructions-0,easy
129335-91-instructions-0,easy
1285218-54-instructions-0,hard
122796-28-instructions-0,hard
122934-32-instructions-0,hard
122790-13-instructions-0,easy
122840-76-instructions-0,medium
102651-69-instructions-0,hard
973098-17-instructions-0,easy
128910-21-instructions-0,medium
424093-40-instructions-0,easy
128064-41-instructions-0,easy
114407-56-instructions-0,medium
134098-56-instructions-0,easy
133133-53-instructions-0,easy
1244757-87-instructions-0,medium
1374921-58-instructions-0,easy
946051-65-instructions-0,easy
1017255-65-instructions-0,medium
1190615-81-instructions-0,hard
1282932-66-instructions-0,medium
122762-21-instructions-0,medium
132581-41-instructions-0,hard
132352-85-instructions-0,hard
122930-59-instructions-0,easy
114076-52-instructions-0,hard
132373-29-instructions-0,easy
122786-39-instructions-0,hard
128452-45-instructions-0,hard
1117318-56-instructions-0,hard
122784-12-instructions-0,easy
128456-74-instructions-0,medium
123125-86-instructions-0,easy
133978-55-instructions-0,easy
1456383-65-instructions-0,easy
129374-50-instructions-0,medium
132541-24-instructions-0,easy
122782-35-instructions-0,medium
115072-94-instructions-0,medium
129915-86-instructions-0,easy
132928-82-instructions-0,easy
171470-96-instructions-0,medium
1285996-57-instructions-0,hard
644293-23-instructions-0,easy
1137966-11-instructions-0,medium
133954-67-instructions-0,medium
122439-94-instructions-0,medium
980645-80-instructions-0,easy
141061-97-instructions-0,easy
114328-43-instructions-0,medium
132503-56-instructions-0,hard
122780-10-instructions-0,easy
1456381-17-instructions-0,hard
133896-82-instructions-0,easy
122730-75-instructions-0,hard
128908-74-instructions-0,medium
115152-17-instructions-0,medium
328425-59-instructions-0,hard
179549-95-instructions-0,medium
1477890-42-instructions-0,hard
133492-27-instructions-0,easy
1123753-85-instructions-0,medium
122417-20-instructions-0,easy
133041-69-instructions-0,medium
1014867-35-instructions-0,hard
171076-39-instructions-0,hard
101871-90-instructions-0,easy
133956-74-instructions-0,medium
1400568-92-instructions-0,medium
149126-76-instructions-0,hard
146864-90-instructions-0,hard
129625-19-instructions-0,easy
1187050-42-instructions-0,easy
407299-95-instructions-0,easy
171117-62-instructions-0,medium
129353-69-instructions-0,easy
128528-79-instructions-0,easy
1104248-20-instructions-0,hard
1249820-93-instructions-0,hard
132532-29-instructions-0,easy
123655-90-instructions-0,medium
114469-61-instructions-0,medium
171468-60-instructions-0,hard
130506-97-instructions-0,medium
132353-75-instructions-0,easy
130068-32-instructions-0,hard
945403-51-instructions-0,easy
129632-83-instructions-0,medium
122893-11-instructions-0,medium
132583-70-instructions-0,easy
132312-84-instructions-0,easy
104511-52-instructions-0,easy
133477-56-instructions-0,medium
944655-90-instructions-0,medium
103079-47-instructions-0,hard
103139-12-instructions-0,easy
114114-26-instructions-0,medium
106638-60-instructions-0,medium
122927-65-instructions-0,hard
1048836-69-instructions-0,easy
121197-76-instructions-0,easy
122929-50-instructions-0,hard
1112794-54-instructions-0,easy
123569-93-instructions-0,medium
122896-55-instructions-0,medium
122771-46-instructions-0,easy
442246-44-instructions-0,easy
132514-60-instructions-0,hard
104510-88-instructions-0,easy
1098910-94-instructions-0,easy
134535-64-instructions-0,easy
114363-12-instructions-0,medium
105905-48-instructions-0,medium
128005-54-instructions-0,medium
171115-43-instructions-0,easy
132517-40-instructions-0,hard
114929-41-instructions-0,easy
104295-75-instructions-0,easy
135660-41-instructions-0,medium
141055-38-instructions-0,easy
122843-26-instructions-0,easy
104195-16-instructions-0,medium
129573-78-instructions-0,easy
1136110-40-instructions-0,easy
103425-40-instructions-0,medium
133142-70-instructions-0,hard
171102-44-instructions-0,easy
129646-14-instructions-0,easy
133299-66-instructions-0,medium
129739-94-instructions-0,easy
1136755-64-instructions-0,easy
1302916-13-instructions-0,easy
129779-16-instructions-0,hard
100002-55-instructions-0,hard
1166600-26-instructions-0,medium
437822-12-instructions-0,easy
1286459-53-instructions-0,hard
160035-23-instructions-0,easy
122757-30-instructions-0,easy
128732-31-instructions-0,medium
106069-97-instructions-0,hard
122726-72-instructions-0,easy
133173-27-instructions-0,easy
566334-55-instructions-0,easy
184778-63-instructions-0,easy
122895-39-instructions-0,medium
129491-62-instructions-0,medium
130912-84-instructions-0,easy
1082949-22-instructions-0,easy
114192-31-instructions-0,medium
109990-35-instructions-0,medium
114404-61-instructions-0,medium
132515-36-instructions-0,easy
132309-71-instructions-0,easy
132174-86-instructions-0,hard
133300-23-instructions-0,easy
122787-86-instructions-0,medium
132555-62-instructions-0,easy
168246-27-instructions-0,hard
128437-45-instructions-0,medium
133498-28-instructions-0,medium
134527-96-instructions-0,easy
1514405-86-instructions-0,easy
105768-29-instructions-0,hard
114926-93-instructions-0,easy
1188999-24-instructions-0,easy
123130-10-instructions-0,hard
128074-76-instructions-0,easy
1029685-96-instructions-0,easy
110010-87-instructions-0,medium
133973-77-instructions-0,hard
132512-75-instructions-0,easy
171089-15-instructions-0,hard
134515-17-instructions-0,easy
122799-56-instructions-0,medium
1017281-30-instructions-0,easy
224342-54-instructions-0,easy
128072-82-instructions-0,easy
134545-63-instructions-0,easy
967507-33-instructions-0,easy
123187-95-instructions-0,hard
129332-71-instructions-0,medium
129664-95-instructions-0,medium
185062-48-instructions-0,easy
128872-69-instructions-0,hard
1294037-35-instructions-0,hard
128876-10-instructions-0,medium
1091130-35-instructions-0,easy
129391-59-instructions-0,easy
979409-82-instructions-0,easy
316910-60-instructions-0,easy
133503-58-instructions-0,easy
129656-75-instructions-0,easy
1029469-10-instructions-0,easy
129651-76-instructions-0,medium
122880-38-instructions-0,easy
106044-34-instructions-0,medium
105909-80-instructions-0,medium
129390-34-instructions-0,medium
122928-76-instructions-0,medium
1518036-70-instructions-0,easy
122923-57-instructions-0,easy
129645-12-instructions-0,easy
258689-74-instructions-0,medium
1008187-26-instructions-0,medium
1374927-83-instructions-0,medium
1123752-75-instructions-0,medium
211432-84-instructions-0,medium
1113396-12-instructions-0,easy
129907-51-instructions-0,easy
134051-97-instructions-0,easy
122723-44-instructions-0,easy
1269612-76-instructions-0,hard
122890-57-instructions-0,easy
114337-40-instructions-0,easy
128192-10-instructions-0,medium
122935-50-instructions-0,hard
129388-32-instructions-0,easy
134513-50-instructions-0,easy
123429-83-instructions-0,hard
123458-33-instructions-0,medium
1098930-40-instructions-0,easy
1305632-82-instructions-0,hard
140730-56-instructions-0,medium
1328414-52-instructions-0,medium
1442862-26-instructions-0,hard
1112325-92-instructions-0,easy
129623-29-instructions-0,hard
1012282-37-instructions-0,easy
132522-80-instructions-0,easy
121603-51-instructions-0,medium
1247309-85-instructions-0,easy
122903-97-instructions-0,hard
129389-34-instructions-0,medium
129804-23-instructions-0,hard
104539-16-instructions-0,easy
104440-32-instructions-0,hard
128482-34-instructions-0,hard
129337-97-instructions-0,easy
128012-83-instructions-0,easy
122724-73-instructions-0,medium
133258-62-instructions-0,medium
132534-69-instructions-0,easy
129663-64-instructions-0,easy
103233-23-instructions-0,hard
171098-86-instructions-0,medium
140734-17-instructions-0,medium
653713-80-instructions-0,medium
1014270-62-instructions-0,medium
123076-73-instructions-0,hard
133250-93-instructions-0,easy
128461-78-instructions-0,easy
121605-17-instructions-0,hard
128457-88-instructions-0,hard
106084-44-instructions-0,easy
122961-50-instructions-0,medium
122346-31-instructions-0,easy
132588-32-instructions-0,medium
1267034-62-instructions-0,medium
947239-24-instructions-0,easy
129832-10-instructions-0,medium
127919-12-instructions-0,hard
134548-98-instructions-0,easy
130064-19-instructions-0,hard
1077054-87-instructions-0,easy
129749-24-instructions-0,hard
1432611-52-instructions-0,medium
123146-97-instructions-0,medium
134511-18-instructions-0,easy
193009-84-instructions-0,easy
171085-98-instructions-0,medium
129528-81-instructions-0,medium
543612-27-instructions-0,easy
1239699-25-instructions-0,easy
1162877-64-instructions-0,medium
936338-35-instructions-0,hard
916573-41-instructions-0,easy
1462978-88-instructions-0,medium
1149346-93-instructions-0,easy
209564-16-instructions-0,medium
1241431-35-instructions-0,easy
134525-59-instructions-0,easy
133500-41-instructions-0,medium
114411-36-instructions-0,medium
130030-39-instructions-0,easy
559650-70-instructions-0,medium
128011-18-instructions-0,medium
129920-35-instructions-0,medium
129925-32-instructions-0,easy
104847-51-instructions-0,easy
134117-77-instructions-0,easy
115067-27-instructions-0,easy
1366938-53-instructions-0,easy
122584-10-instructions-0,medium
104536-89-instructions-0,medium
135570-46-instructions-0,easy
121380-10-instructions-0,hard
114376-45-instructions-0,medium
122907-65-instructions-0,easy
122820-31-instructions-0,hard
133948-19-instructions-0,medium
644291-15-instructions-0,hard
128459-50-instructions-0,medium
1316316-47-instructions-0,medium
192966-78-instructions-0,easy
174429-40-instructions-0,medium
129493-66-instructions-0,medium
133302-57-instructions-0,easy
171113-58-instructions-0,easy
134624-50-instructions-0,hard
104169-74-instructions-0,medium
171971-83-instructions-0,medium
132349-64-instructions-0,hard
1194095-83-instructions-0,easy
128516-14-instructions-0,medium
129381-84-instructions-0,hard
688616-55-instructions-0,hard
104844-93-instructions-0,medium
129378-68-instructions-0,medium
978109-40-instructions-0,easy
121606-83-instructions-0,easy
107164-71-instructions-0,easy
1029696-75-instructions-0,medium
203643-71-instructions-0,medium
135686-35-instructions-0,medium
1328418-30-instructions-0,medium
129801-76-instructions-0,easy
104078-11-instructions-0,hard
133188-31-instructions-0,easy
104504-55-instructions-0,hard
133925-33-instructions-0,medium
129817-25-instructions-0,easy
133039-29-instructions-0,easy
184376-15-instructions-0,medium
104439-59-instructions-0,hard
128879-35-instructions-0,easy
1499003-67-instructions-0,medium
102638-10-instructions-0,medium
129376-88-instructions-0,medium
944653-41-instructions-0,easy
129658-87-instructions-0,easy
106043-11-instructions-0,easy
107211-75-instructions-0,medium
104509-45-instructions-0,easy
133291-69-instructions-0,easy
105481-95-instructions-0,medium
192977-47-instructions-0,easy
114344-49-instructions-0,medium
1012133-80-instructions-0,hard
135417-16-instructions-0,easy
130116-73-instructions-0,easy
185660-61-instructions-0,easy
102642-85-instructions-0,medium
106038-57-instructions-0,easy
1235367-76-instructions-0,medium
1014868-30-instructions-0,hard
114843-66-instructions-0,hard
192967-19-instructions-0,hard
347730-34-instructions-0,hard
134559-68-instructions-0,easy
320919-93-instructions-0,easy
102644-88-instructions-0,hard
120408-49-instructions-0,medium
114633-80-instructions-0,hard
133214-44-instructions-0,easy
133175-56-instructions-0,medium
104537-97-instructions-0,medium
130071-70-instructions-0,easy
105016-49-instructions-0,medium
1451200-87-instructions-0,medium
121201-91-instructions-0,hard
122922-35-instructions-0,hard
1246407-49-instructions-0,easy
128874-12-instructions-0,medium
203560-62-instructions-0,medium
140732-23-instructions-0,medium
695918-94-instructions-0,easy
1110723-11-instructions-0,easy
1166606-99-instructions-0,easy
133218-53-instructions-0,medium
120304-84-instructions-0,hard
122746-28-instructions-0,hard
106657-36-instructions-0,hard
186414-72-instructions-0,easy
113900-34-instructions-0,hard
122074-98-instructions-0,medium
133037-96-instructions-0,medium
132370-46-instructions-0,easy
186418-44-instructions-0,easy
121809-68-instructions-0,easy
181510-39-instructions-0,medium
105794-97-instructions-0,hard
114130-29-instructions-0,easy
122789-74-instructions-0,easy
155180-29-instructions-0,medium
134049-35-instructions-0,easy
135659-17-instructions-0,medium
141099-34-instructions-0,medium
104393-95-instructions-0,easy
103572-19-instructions-0,easy
130355-68-instructions-0,hard
155108-55-instructions-0,hard
1209583-85-instructions-0,hard
104119-75-instructions-0,easy
128009-98-instructions-0,medium
122755-75-instructions-0,medium
133493-84-instructions-0,medium
258681-45-instructions-0,medium
148563-96-instructions-0,easy
115116-86-instructions-0,easy
129924-14-instructions-0,medium
122806-63-instructions-0,easy
104397-55-instructions-0,medium
1016900-72-instructions-0,easy
133038-29-instructions-0,easy
129746-91-instructions-0,easy
129641-53-instructions-0,easy
122853-32-instructions-0,medium
122752-19-instructions-0,medium
122773-83-instructions-0,easy
130029-26-instructions-0,hard
114350-58-instructions-0,medium
129751-50-instructions-0,hard
105843-77-instructions-0,medium
1023391-71-instructions-0,hard
132368-32-instructions-0,easy
129662-69-instructions-0,easy
943603-28-instructions-0,easy
102655-78-instructions-0,medium
122875-79-instructions-0,easy
129764-13-instructions-0,hard
103808-88-instructions-0,easy
1182120-18-instructions-0,medium
171120-72-instructions-0,medium
133952-25-instructions-0,easy
114125-78-instructions-0,medium
129730-97-instructions-0,easy
103870-42-instructions-0,medium
106039-26-instructions-0,easy
1125330-28-instructions-0,hard
129733-78-instructions-0,easy
129929-25-instructions-0,easy
973557-39-instructions-0,hard
129371-36-instructions-0,easy
106316-47-instructions-0,medium
121118-94-instructions-0,hard
192990-68-instructions-0,easy
148840-98-instructions-0,hard
122878-21-instructions-0,hard
121369-98-instructions-0,medium
134555-31-instructions-0,easy
104761-41-instructions-0,easy
104262-67-instructions-0,medium
1495479-60-instructions-0,medium
148004-95-instructions-0,easy
653882-15-instructions-0,easy
122812-94-instructions-0,easy
1455113-63-instructions-0,hard
122844-16-instructions-0,medium
1112073-22-instructions-0,easy
103875-35-instructions-0,easy
1110736-74-instructions-0,hard
313630-86-instructions-0,medium
1360341-40-instructions-0,easy
122801-28-instructions-0,hard
128073-26-instructions-0,easy
134626-64-instructions-0,easy
121431-87-instructions-0,easy
1364285-46-instructions-0,easy
171125-68-instructions-0,easy
132575-43-instructions-0,medium
133170-16-instructions-0,easy
129629-80-instructions-0,medium
157922-16-instructions-0,easy
123556-89-instructions-0,easy
1483201-82-instructions-0,easy
210262-14-instructions-0,medium
134550-47-instructions-0,medium
1019769-79-instructions-0,easy
129765-47-instructions-0,hard
130066-72-instructions-0,easy
133627-89-instructions-0,easy
1451197-33-instructions-0,medium
130046-30-instructions-0,medium
132346-35-instructions-0,hard
158992-38-instructions-0,medium
103889-68-instructions-0,easy
115068-17-instructions-0,medium
179547-23-instructions-0,easy
1358091-15-instructions-0,easy
140984-51-instructions-0,hard
103805-35-instructions-0,medium
1425510-63-instructions-0,easy
106195-76-instructions-0,hard
129815-46-instructions-0,medium
1198135-86-instructions-0,medium
1429723-30-instructions-0,medium
225902-98-instructions-0,medium
134553-38-instructions-0,easy
132525-34-instructions-0,easy
132227-34-instructions-0,medium
1180964-99-instructions-0,easy
133219-65-instructions-0,easy
129383-18-instructions-0,easy
1437219-99-instructions-0,easy
283362-22-instructions-0,hard
122838-70-instructions-0,easy
128487-20-instructions-0,medium
1085599-51-instructions-0,easy
171462-60-instructions-0,easy
1400561-45-instructions-0,medium
135668-45-instructions-0,easy
1294029-70-instructions-0,easy
114845-26-instructions-0,easy
171970-90-instructions-0,medium
104342-95-instructions-0,easy
204604-31-instructions-0,hard
123160-63-instructions-0,medium
1181933-58-instructions-0,medium
122777-13-instructions-0,easy
132548-16-instructions-0,easy
120293-75-instructions-0,medium
115212-43-instructions-0,medium
114846-51-instructions-0,hard
106665-89-instructions-0,hard
156351-27-instructions-0,medium
104094-15-instructions-0,medium
1077022-22-instructions-0,easy
114974-60-instructions-0,medium
133057-29-instructions-0,medium
131015-32-instructions-0,hard
129387-22-instructions-0,hard
132577-38-instructions-0,easy
133187-91-instructions-0,medium
122917-93-instructions-0,hard
133902-46-instructions-0,hard
134510-62-instructions-0,hard
944287-46-instructions-0,easy
106072-89-instructions-0,hard
268879-38-instructions-0,medium
105467-55-instructions-0,hard
128447-28-instructions-0,easy
1112444-85-instructions-0,easy
122738-39-instructions-0,easy
1083681-54-instructions-0,easy
105901-73-instructions-0,easy
186451-71-instructions-0,easy
134549-56-instructions-0,hard
114648-53-instructions-0,hard
1234208-11-instructions-0,medium
1117042-36-instructions-0,easy
104879-54-instructions-0,easy
122240-98-instructions-0,medium
128909-63-instructions-0,medium
102640-35-instructions-0,medium
132579-99-instructions-0,easy
149302-97-instructions-0,easy
121046-57-instructions-0,easy
134116-54-instructions-0,easy
132717-22-instructions-0,medium
174282-32-instructions-0,medium
122740-42-instructions-0,hard
133904-75-instructions-0,easy
129668-75-instructions-0,easy
157191-98-instructions-0,easy
1413399-34-instructions-0,easy
196237-81-instructions-0,medium
1216461-97-instructions-0,medium
170346-82-instructions-0,hard
128819-11-instructions-0,medium
112435-71-instructions-0,hard
936339-38-instructions-0,medium
183837-76-instructions-0,easy
106664-97-instructions-0,medium
104946-22-instructions-0,medium
132559-65-instructions-0,medium
122352-84-instructions-0,medium
128186-13-instructions-0,easy
158460-21-instructions-0,hard
122349-39-instructions-0,medium
1478728-43-instructions-0,medium
133475-41-instructions-0,hard
1482589-40-instructions-0,medium
988601-49-instructions-0,medium
128481-40-instructions-0,easy
1173125-83-instructions-0,hard
128911-95-instructions-0,medium
192988-11-instructions-0,hard
225524-29-instructions-0,hard
1309075-99-instructions-0,easy
134512-27-instructions-0,easy
1195181-38-instructions-0,easy
949372-76-instructions-0,easy
133974-71-instructions-0,medium
940190-86-instructions-0,medium
1014605-74-instructions-0,hard
1014598-12-instructions-0,easy
133491-64-instructions-0,medium
123413-56-instructions-0,medium
132529-83-instructions-0,easy
105508-26-instructions-0,medium
601338-46-instructions-0,hard
102654-89-instructions-0,medium
1265535-60-instructions-0,easy
133718-17-instructions-0,hard
130988-32-instructions-0,hard
128427-34-instructions-0,medium
184846-58-instructions-0,medium
133955-45-instructions-0,easy
122924-88-instructions-0,medium
132504-15-instructions-0,easy
129379-46-instructions-0,medium
102648-90-instructions-0,easy
128253-66-instructions-0,easy
114343-65-instructions-0,easy
1014865-14-instructions-0,medium
123137-56-instructions-0,easy
107033-71-instructions-0,easy
129776-67-instructions-0,easy
171067-53-instructions-0,easy
140995-71-instructions-0,medium
122813-62-instructions-0,hard
106516-83-instructions-0,easy
128485-22-instructions-0,easy
979408-20-instructions-0,easy
103476-60-instructions-0,hard
148540-79-instructions-0,easy
114973-30-instructions-0,easy
1022725-47-instructions-0,hard
102641-76-instructions-0,medium
1286372-32-instructions-0,easy
1245618-65-instructions-0,easy
120376-11-instructions-0,easy
1476097-87-instructions-0,easy
1113044-17-instructions-0,medium
129643-98-instructions-0,easy
103636-69-instructions-0,easy
383892-24-instructions-0,medium
122557-10-instructions-0,medium
122081-14-instructions-0,easy
143048-29-instructions-0,easy
106074-62-instructions-0,hard
128757-90-instructions-0,hard
128822-89-instructions-0,easy
135377-60-instructions-0,medium
122608-16-instructions-0,hard
133895-78-instructions-0,easy
129816-65-instructions-0,hard
1184112-54-instructions-0,easy
105490-29-instructions-0,medium
168183-39-instructions-0,medium
1451473-12-instructions-0,hard
130662-57-instructions-0,medium
128225-12-instructions-0,easy
129753-30-instructions-0,easy
103615-54-instructions-0,medium
132397-72-instructions-0,easy
157190-89-instructions-0,easy
133167-21-instructions-0,easy
121930-24-instructions-0,easy
128448-43-instructions-0,easy
128523-31-instructions-0,hard
128277-46-instructions-0,easy
280552-13-instructions-0,medium
122886-63-instructions-0,easy
103793-76-instructions-0,easy
122936-17-instructions-0,easy
134101-28-instructions-0,hard
106632-87-instructions-0,medium
132358-40-instructions-0,medium
539762-92-instructions-0,medium
132371-90-instructions-0,hard
197446-88-instructions-0,medium
1386496-17-instructions-0,easy
1386497-40-instructions-0,easy
190792-25-instructions-0,medium
105473-44-instructions-0,easy
130994-76-instructions-0,easy
994813-97-instructions-0,easy
137658-91-instructions-0,medium
132357-29-instructions-0,easy
171086-27-instructions-0,easy
151791-41-instructions-0,hard
1398556-54-instructions-0,easy
120383-39-instructions-0,medium
129818-85-instructions-0,medium
129638-76-instructions-0,medium
1017288-68-instructions-0,medium
130381-65-instructions-0,easy
134097-10-instructions-0,hard
121681-93-instructions-0,easy
106544-20-instructions-0,easy
105388-59-instructions-0,medium
133017-36-instructions-0,easy
132350-13-instructions-0,hard
186419-15-instructions-0,easy
122854-69-instructions-0,medium
1400560-70-instructions-0,medium
127923-88-instructions-0,medium
135786-52-instructions-0,medium
133303-67-instructions-0,easy
114644-83-instructions-0,hard
1236590-37-instructions-0,easy
122851-18-instructions-0,medium
138677-76-instructions-0,easy
115180-93-instructions-0,easy
106491-53-instructions-0,medium
133162-88-instructions-0,hard
129808-73-instructions-0,hard
1265693-69-instructions-0,medium
1021043-53-instructions-0,easy
114654-83-instructions-0,medium
207890-68-instructions-0,medium
132589-11-instructions-0,hard
128824-58-instructions-0,easy
186444-40-instructions-0,easy
103143-22-instructions-0,medium
171467-12-instructions-0,easy
128315-58-instructions-0,medium
121429-87-instructions-0,medium
129334-24-instructions-0,medium
134551-26-instructions-0,easy
192390-42-instructions-0,medium
133972-66-instructions-0,hard
1251121-78-instructions-0,hard
133484-87-instructions-0,medium
135376-54-instructions-0,easy
1127325-71-instructions-0,easy
132566-77-instructions-0,medium
105902-57-instructions-0,easy
122583-41-instructions-0,easy
129666-62-instructions-0,easy
